"Instance,",Q,"Pulse Mean (w1,b1)","Pulse Mean (w1,b2)","Pulse Mean (w2,b1)","Pulse Mean (w2,b2)","Pulse Mean (w3,b1)","Pulse Mean (w3,b2)","Pulse SD (w1,b1)","Pulse SD (w1,b2)","Pulse SD (w2,b1)","Pulse SD (w2,b2)","Pulse SD (w3,b1)","Pulse SD (w3,b2)","Total Mean (w1,b1)","Total Mean (w1,b2)","Total Mean (w2,b1)","Total Mean (w2,b2)","Total Mean (w3,b1)","Total Mean (w3,b2)","Total SD (w1,b1)","Total SD (w1,b2)","Total SD (w2,b1)","Total SD (w2,b2)","Total SD (w3,b1)","Total SD (w3,b2)",VarCoeff,,,,,,
1,500,0.0171555,0.0221913,0.0527848,0.0699376,0.0555579,0.0111951,0.001216582,0.001415628,0.002575725,0.002638665,0.001607787,0.000690909,11.4551555,10.5691913,9.2407848,9.6639376,9.4925579,9.6201951,0.001216582,0.001415628,0.002575725,0.002638665,0.001607787,0.000690909,,,,,,,
1,1000,0.0184984,0.0216473,0.0513721,0.0751076,0.0562087,0.0110569,0.001283447,0.000788412,0.001165433,0.007829628,0.002571006,0.001000405,11.4564984,10.5686473,9.2393721,9.6691076,9.4932087,9.6200568,0.001283447,0.000788412,0.001165433,0.007829628,0.002571006,0.001000441,0.000112028,7.45991E-05,0.000126138,0.000809757,0.000270826,0.000103995,0.000249557
1,1500,0.0183635,0.0211357,0.0515743,0.070522,0.0576935,0.0116465,0.000751009,0.000673905,0.001452434,0.002490306,0.002728011,0.001006328,11.4563635,10.5681357,9.2395743,9.664522,9.4946935,9.6206465,0.000751009,0.000673905,0.001452434,0.002490306,0.002728011,0.001006328,,,,,,,
2,500,2.3727128,2.895681,1.5938739,5.2302584,1.7898856,5.3424022,0.055675158,0.041416633,0.024425326,0.052838394,0.034919184,0.065611261,12.5907128,13.613681,12.2338739,14.8862584,11.2428856,16.5144022,0.055675158,0.041416633,0.024425326,0.052838394,0.034919184,0.065611261,,,,,,,
2,1000,2.6143247,3.5211029,1.6534894,6.8736042,1.9098918,7.0789758,0.074777972,0.082537019,0.022485827,0.116512623,0.02537653,0.071554911,12.8323247,14.2391029,12.2934894,16.5296042,11.3628918,18.2509758,0.074777972,0.082537019,0.022485827,0.116512623,0.02537653,0.071554911,0.005827313,0.005796504,0.001829084,0.007048724,0.002233281,0.003920607,0.004442586
2,1500,2.7798823,3.8724654,1.6956968,7.882968,1.9649867,8.2148687,0.059129033,0.101569102,0.026705499,0.151922344,0.044190501,0.082820212,12.9978823,14.5904654,12.3356968,17.538968,11.4179866,19.3868687,0.059129033,0.101569102,0.026705499,0.151922344,0.044190485,0.082820212,,,,,,,
3,500,0.0912222,0.0986723,0.1214875,0.1372381,0.0952644,0.1622749,0.003559858,0.007395374,0.00474679,0.004793239,0.004205135,0.011114558,9.4032221,9.9426723,9.9344875,12.2462381,14.2832644,9.2562749,0.003559816,0.007395374,0.00474679,0.004793239,0.004205135,0.011114558,,,,,,,
3,1000,0.0907979,0.0952651,0.1145939,0.137815,0.0937345,0.1637422,0.004358719,0.00701685,0.003484272,0.009347523,0.002513877,0.012292835,9.4027978,9.9392651,9.9275939,12.246815,14.2817345,9.2577422,0.00435878,0.00701685,0.003484272,0.009347523,0.002513877,0.012292835,0.000463562,0.000705973,0.000350968,0.000763262,0.00017602,0.001327844,0.000631271
3,1500,0.0926524,0.0937775,0.118228,0.1369404,0.0939923,0.1593102,0.008774366,0.00703448,0.013364874,0.005590458,0.004086273,0.008454707,9.4046523,9.9377774,9.931228,12.2459404,14.2819923,9.2533102,0.008774398,0.007034542,0.013364874,0.005590458,0.004086273,0.008454707,,,,,,,
4,500,0.0266224,0.0263495,0.0256341,0.0231009,0.0272172,0.0234328,0.001221973,0.011724867,0.001605068,0.000902131,0.001246107,0.001466097,8.9636223,10.9483495,9.2446341,10.1021009,9.1832172,10.2734328,0.001221832,0.011724867,0.001605068,0.000902131,0.001246107,0.001466097,,,,,,,
4,1000,0.0296496,0.0225939,0.0255538,0.0232515,0.0259765,0.0227512,0.005980193,0.001059205,0.000429434,0.000843663,0.000855186,0.00104891,8.9666496,10.9445939,9.2445536,10.1022515,9.1819765,10.2727512,0.005980193,0.001059205,0.000429481,0.000843663,0.000855186,0.00104891,0.000666937,9.67789E-05,4.64577E-05,8.35124E-05,9.31375E-05,0.000102106,0.000181488
4,1500,0.0283169,0.0222617,0.02672,0.0234383,0.0257563,0.0233477,0.001367001,0.000391909,0.001786143,0.000775413,0.000904612,0.000837708,8.9653169,10.9442617,9.24572,10.1024383,9.1817563,10.2733477,0.001367001,0.000391909,0.001786143,0.000775413,0.000904612,0.000837708,,,,,,,
1,500,0.0171555,0.0221913,0.0527848,0.0699376,0.0555579,0.0111951,0.001216582,0.001415628,0.002575725,0.002638665,0.001607787,0.000690909,11.4551555,10.5691913,9.2407848,9.6639376,9.4925579,9.6201951,0.001216582,0.001415628,0.002575725,0.002638665,0.001607787,0.000690909,,,,,,,
1,1000,0.0184984,0.0216473,0.0513721,0.0751076,0.0562087,0.0110569,0.001283447,0.000788412,0.001165433,0.007829628,0.002571006,0.001000405,11.4564984,10.5686473,9.2393721,9.6691076,9.4932087,9.6200568,0.001283447,0.000788412,0.001165433,0.007829628,0.002571006,0.001000441,0.000112028,7.45991E-05,0.000126138,0.000809757,0.000270826,0.000103995,0.000249557
1,1500,0.0183635,0.0211357,0.0515743,0.070522,0.0576935,0.0116465,0.000751009,0.000673905,0.001452434,0.002490306,0.002728011,0.001006328,11.4563635,10.5681357,9.2395743,9.664522,9.4946935,9.6206465,0.000751009,0.000673905,0.001452434,0.002490306,0.002728011,0.001006328,,,,,,,
2,500,2.3727128,2.895681,1.5938739,5.2302584,1.7898856,5.3424022,0.055675158,0.041416633,0.024425326,0.052838394,0.034919184,0.065611261,12.5907128,13.613681,12.2338739,14.8862584,11.2428856,16.5144022,0.055675158,0.041416633,0.024425326,0.052838394,0.034919184,0.065611261,,,,,,,
2,1000,2.6143247,3.5211029,1.6534894,6.8736042,1.9098918,7.0789758,0.074777972,0.082537019,0.022485827,0.116512623,0.02537653,0.071554911,12.8323247,14.2391029,12.2934894,16.5296042,11.3628918,18.2509758,0.074777972,0.082537019,0.022485827,0.116512623,0.02537653,0.071554911,0.005827313,0.005796504,0.001829084,0.007048724,0.002233281,0.003920607,0.004442586
2,1500,2.7798823,3.8724654,1.6956968,7.882968,1.9649867,8.2148687,0.059129033,0.101569102,0.026705499,0.151922344,0.044190501,0.082820212,12.9978823,14.5904654,12.3356968,17.538968,11.4179866,19.3868687,0.059129033,0.101569102,0.026705499,0.151922344,0.044190485,0.082820212,,,,,,,
3,500,0.0912222,0.0986723,0.1214875,0.1372381,0.0952644,0.1622749,0.003559858,0.007395374,0.00474679,0.004793239,0.004205135,0.011114558,9.4032221,9.9426723,9.9344875,12.2462381,14.2832644,9.2562749,0.003559816,0.007395374,0.00474679,0.004793239,0.004205135,0.011114558,,,,,,,
3,1000,0.0907979,0.0952651,0.1145939,0.137815,0.0937345,0.1637422,0.004358719,0.00701685,0.003484272,0.009347523,0.002513877,0.012292835,9.4027978,9.9392651,9.9275939,12.246815,14.2817345,9.2577422,0.00435878,0.00701685,0.003484272,0.009347523,0.002513877,0.012292835,0.000463562,0.000705973,0.000350968,0.000763262,0.00017602,0.001327844,0.000631271
3,1500,0.0926524,0.0937775,0.118228,0.1369404,0.0939923,0.1593102,0.008774366,0.00703448,0.013364874,0.005590458,0.004086273,0.008454707,9.4046523,9.9377774,9.931228,12.2459404,14.2819923,9.2533102,0.008774398,0.007034542,0.013364874,0.005590458,0.004086273,0.008454707,,,,,,,
4,500,0.0266224,0.0263495,0.0256341,0.0231009,0.0272172,0.0234328,0.001221973,0.011724867,0.001605068,0.000902131,0.001246107,0.001466097,8.9636223,10.9483495,9.2446341,10.1021009,9.1832172,10.2734328,0.001221832,0.011724867,0.001605068,0.000902131,0.001246107,0.001466097,,,,,,,
4,1000,0.0296496,0.0225939,0.0255538,0.0232515,0.0259765,0.0227512,0.005980193,0.001059205,0.000429434,0.000843663,0.000855186,0.00104891,8.9666496,10.9445939,9.2445536,10.1022515,9.1819765,10.2727512,0.005980193,0.001059205,0.000429481,0.000843663,0.000855186,0.00104891,0.000666937,9.67789E-05,4.64577E-05,8.35124E-05,9.31375E-05,0.000102106,0.000181488
4,1500,0.0283169,0.0222617,0.02672,0.0234383,0.0257563,0.0233477,0.001367001,0.000391909,0.001786143,0.000775413,0.000904612,0.000837708,8.9653169,10.9442617,9.24572,10.1024383,9.1817563,10.2733477,0.001367001,0.000391909,0.001786143,0.000775413,0.000904612,0.000837708,,,,,,,
5,500,0.6163958,0.5747788,0.7784671,0.9286007,0.7042598,0.9569905,0.006087375,0.016402375,0.014171723,0.024042175,0.020191514,0.0134721,10.6013957,11.6837788,10.8414671,11.6006007,11.9852598,10.5659905,0.006087278,0.016402375,0.014171723,0.024042175,0.020191514,0.0134721,,,,,,,
5,1000,0.6291929,0.5809317,0.8109647,0.9925133,0.7196929,1.0547576,0.006220256,0.018790935,0.01481027,0.021449055,0.019552585,0.018772705,10.6141929,11.6899317,10.8739647,11.6645133,12.0006929,10.6637576,0.006220256,0.018790935,0.01481027,0.021449055,0.019552585,0.018772705,0.000586032,0.001607446,0.001361994,0.00183883,0.001629288,0.001760421,0.001464002
5,1500,0.6256186,0.5845398,0.8174208,1.0026711,0.7167201,1.0892793,0.005998134,0.013590918,0.007897118,0.023411165,0.009205471,0.020639423,10.6106186,11.6935398,10.8804208,11.6746711,11.9977201,10.6982793,0.005998134,0.013590918,0.007897118,0.023411165,0.009205471,0.020639423,,,,,,,
6,500,0.41119,1.5294803,0.4016682,1.5606616,0.4052967,1.5398639,0.016272473,0.027657695,0.007068517,0.046422532,0.016808003,0.024727954,10.45819,12.8414803,11.1516682,10.3416616,9.6242967,10.6958639,0.016272473,0.027657695,0.007068517,0.046422532,0.016808003,0.024727954,,,,,,,
6,1000,0.4058542,1.6180461,0.4012365,1.6226105,0.4168553,1.6077076,0.010925334,0.027352104,0.008722827,0.022573938,0.022137948,0.024473049,10.4528542,12.930046,11.1512365,10.4036105,9.6358553,10.7637076,0.010925334,0.027351867,0.008722827,0.022573938,0.022137948,0.024473049,0.001045201,0.002115373,0.00078223,0.002169818,0.002297455,0.002273663,0.001780623
6,1500,0.4014698,1.6385266,0.4027679,1.6417289,0.4043685,1.6559132,0.013430429,0.050611045,0.011264135,0.014767317,0.008996572,0.041602236,10.4484698,12.9505266,11.1527679,10.4227289,9.6233685,10.8119132,0.013430429,0.050611045,0.011264135,0.014767317,0.008996572,0.041602236,,,,,,,
7,500,0.0101417,0.0068093,0.0231389,0.0176567,0.0132988,0.0176591,0.000706865,0.000680314,0.00142912,0.01420565,0.000679843,0.001719106,9.0261417,9.3818093,9.9761389,8.9086567,8.6702988,9.2046591,0.000706865,0.000680314,0.00142912,0.01420565,0.000679843,0.001719106,,,,,,,
7,1000,0.0101244,0.0069691,0.0223956,0.0129935,0.0132776,0.0153649,0.000383239,0.001776736,0.000995729,0.00072324,0.000563635,0.000844319,9.0261244,9.3819691,9.9753956,8.9039935,8.6702776,9.2023647,0.000383239,0.001776736,0.000995729,0.00072324,0.000563635,0.000844374,4.24589E-05,0.000189378,9.98185E-05,8.12265E-05,6.50077E-05,9.17562E-05,9.4941E-05
7,1500,0.0098069,0.0068002,0.0226966,0.012819,0.0132012,0.0158281,0.000415531,0.000540464,0.001288524,0.000578221,0.00059843,0.000927902,9.0258069,9.3818002,9.9756966,8.903819,8.6702012,9.2028281,0.000415531,0.000540464,0.001288524,0.000578221,0.00059843,0.000927902,,,,,,,
8,500,9.7273194,11.8492648,4.7403763,12.9025566,8.3428184,18.4041768,0.18263334,0.121718589,0.046797158,0.099871411,0.058793798,0.085912141,23.4923194,22.7242648,13.2413763,24.9495566,18.3118184,29.3731767,0.18263334,0.121718589,0.046797158,0.099871411,0.058793798,0.085912056,,,,,,,
8,1000,11.0016804,13.7800585,5.1381315,15.4823486,9.4782963,22.7031926,0.198344106,0.243824214,0.033713534,0.178861313,0.083667195,0.305345728,24.7666804,24.6550585,13.6391315,27.5293486,19.4472963,33.6721926,0.198344106,0.243824214,0.033713534,0.178861313,0.083667195,0.305345728,0.008008506,0.009889419,0.002471824,0.006497114,0.004302253,0.009068187,0.006706217
8,1500,11.6058159,14.5452781,5.272628,16.9621145,9.9437456,25.4275773,0.194043001,0.133795394,0.04687363,0.172405983,0.112513315,0.359409231,25.3708159,25.4202781,13.773628,29.0091145,19.9127456,36.3965773,0.194043001,0.133795394,0.04687363,0.172405983,0.112513315,0.359409231,,,,,,,
10,500,54.1481792,446.4756189,17.7840556,203.039657,18.0332457,272.1470964,0.998977025,4.353648918,0.37657295,2.166603961,0.28002284,1.221417335,65.1011792,456.3346189,31.8460556,216.711657,30.7832457,285.1790964,0.998977025,4.353648918,0.37657295,2.166603961,0.28002284,1.221417335,,,,,,,
10,1000,67.1654981,591.3836415,21.2390005,266.5517597,21.4209651,360.4882206,1.024450512,4.545222061,0.188193734,1.811252512,0.202886521,1.924961293,78.1184981,601.2426415,35.3010005,280.2237597,34.1709651,373.5202206,1.024450512,4.545222061,0.188193734,1.811252512,0.202886521,1.924961293,0.013114058,0.007559713,0.005331116,0.006463594,0.005937395,0.005153566,0.007259907
10,1500,76.3449576,729.9611904,23.7017518,328.3941716,23.2474812,447.8859497,1.065828986,4.325734332,0.168267725,4.470838431,0.463334792,4.751500613,87.2979576,739.8201904,37.7637517,342.0661716,35.9974812,460.9179497,1.065828986,4.325734332,0.168267686,4.470838431,0.463334792,4.751500613,,,,,,,
11,500,0.963881,0.9712858,0.7026301,1.5102107,0.6931081,2.1567583,0.026294756,0.029661456,0.03389479,0.049312099,0.025986284,0.057372666,10.9488809,9.3462858,11.18763,10.7452107,12.2571081,11.4537583,0.026294485,0.029661456,0.033894874,0.049312099,0.025986284,0.057372666,,,,,,,
11,1000,0.9682856,0.9723219,0.6881626,1.505013,0.6895735,2.1883272,0.036863921,0.029927393,0.026023462,0.035919845,0.014559972,0.060385317,10.9532856,9.3473219,11.1731626,10.740013,12.2535735,11.4853272,0.036863921,0.029927393,0.026023462,0.035919845,0.014559972,0.060385317,0.003365558,0.003201708,0.002329104,0.003344488,0.001188222,0.005257605,0.003114448
11,1500,0.9647685,0.9659867,0.6909957,1.4719443,0.6983219,2.1452731,0.030725797,0.034646186,0.023329106,0.054158678,0.034999663,0.047992419,10.9497685,9.3409867,11.1759957,10.7069442,12.2623219,11.4422731,0.030725797,0.034646186,0.023329106,0.054158729,0.034999663,0.047992419,,,,,,,
12,500,0.2186211,0.5785841,0.3494596,0.8880861,0.2753576,0.6043818,0.007988646,0.031186663,0.016249401,0.029347229,0.010506827,0.019296468,8.8746211,9.0625841,12.1774596,9.6690861,9.9473576,9.2913818,0.007988646,0.031186663,0.016249401,0.029347229,0.010506827,0.019296468,,,,,,,
12,1000,0.2319679,0.585579,0.3432929,0.8858283,0.2738865,0.6001603,0.011225143,0.021697997,0.011683343,0.023187438,0.008189905,0.020008353,8.8879679,9.069579,12.1712927,9.6668283,9.9458865,9.2871603,0.011225143,0.021697997,0.011683371,0.023187438,0.008189905,0.020008353,0.001262959,0.002392393,0.000959912,0.00239866,0.000823446,0.00215441,0.001665297
12,1500,0.2117446,0.5591456,0.3299137,0.9026831,0.2786591,0.5973471,0.007724297,0.010509459,0.011573553,0.032416866,0.012295486,0.020034093,8.8677446,9.0431456,12.1579135,9.6836831,9.9506591,9.2843471,0.007724297,0.010509459,0.011573338,0.032416866,0.012295486,0.020034093,,,,,,,
13,500,0.1519678,0.1704595,0.1790424,0.2727065,0.0794108,0.2573661,0.008552469,0.009309969,0.0085835,0.017848462,0.004186685,0.005189978,10.5579678,10.7334595,8.6940424,9.1007064,11.9234107,9.3973661,0.008552469,0.009309969,0.0085835,0.017848431,0.004186494,0.005189978,,,,,,,
13,1000,0.1590413,0.171227,0.1763235,0.2677769,0.0755559,0.2640365,0.00919135,0.009639627,0.007993658,0.017205907,0.002290586,0.014408955,10.5650413,10.734227,8.6913235,9.0957769,11.9195559,9.4040365,0.00919135,0.009639627,0.007993658,0.017205907,0.002290586,0.014408955,0.000869978,0.000898027,0.000919728,0.001891637,0.00019217,0.00153221,0.001050625
13,1500,0.165074,0.1724582,0.1823762,0.2705329,0.080214,0.2480413,0.008456534,0.00568184,0.005827188,0.011137125,0.003128956,0.005494029,10.571074,10.7354582,8.6973762,9.0985329,11.924214,9.3880413,0.008456534,0.00568184,0.005827188,0.011137125,0.003128956,0.005494029,,,,,,,
14,500,0.0265868,0.0372738,0.042721,0.0853214,0.0219844,0.1038399,0.001930108,0.003599985,0.003358785,0.005687572,0.001102,0.004973427,9.8705867,10.4282738,9.480721,11.5223213,10.0379844,8.7758399,0.001930029,0.003599985,0.003358785,0.005687625,0.001102,0.004973427,,,,,,,
14,1000,0.0282682,0.0345107,0.0391239,0.0804283,0.022326,0.1059531,0.002823163,0.001183248,0.002138557,0.004395083,0.001023299,0.005502682,9.8722682,10.4255107,9.4771239,11.5174282,10.038326,8.7779531,0.002823163,0.001183248,0.002138557,0.00439517,0.001023299,0.005502682,0.000285969,0.000113495,0.000225655,0.00038161,0.000101939,0.000626875,0.000289257
14,1500,0.024703,0.0344532,0.0433093,0.083623,0.026528,0.10393,0.001328586,0.002175299,0.002767101,0.003612858,0.002867748,0.006339429,9.868703,10.4254532,9.4813093,11.520623,10.042528,8.77593,0.001328586,0.002175299,0.002767101,0.003612858,0.002867748,0.006339429,,,,,,,
15,500,1.8799257,7.0412139,1.2355532,10.2749264,0.8803738,8.2850215,0.06568907,0.108247348,0.059461611,0.165092891,0.046324374,0.109790124,11.3649257,16.5412139,12.7825532,22.0559264,14.0833737,18.0660215,0.06568907,0.108247348,0.059461611,0.165092891,0.046324211,0.109790124,,,,,,,
15,1000,1.8849163,7.5488714,1.2410417,11.1706874,0.8498886,9.1743732,0.043460905,0.162323745,0.032191737,0.156843273,0.028511604,0.159766139,11.3699163,17.0488714,12.7880417,22.9516874,14.0528885,18.9553732,0.043460905,0.162323745,0.032191737,0.156843273,0.028511444,0.159766139,0.003822447,0.009521084,0.002517331,0.006833627,0.002028867,0.008428541,0.005525316
15,1500,1.9214647,7.8025254,1.268376,11.9245958,0.8580088,9.5118548,0.058760176,0.074266821,0.034785996,0.169078906,0.023669504,0.111164813,11.4064646,17.3025254,12.815376,23.7055958,14.0610088,19.2928548,0.058760337,0.074266821,0.034785996,0.169078906,0.023669504,0.111164813,,,,,,,
16,500,0.1790281,0.4697948,0.4082991,0.9027218,0.2550446,1.3954591,0.005914146,0.013129283,0.014287067,0.01505746,0.011854365,0.04497913,8.7570281,11.6577948,9.6732991,9.1687218,10.2400446,11.2234591,0.005914146,0.013129283,0.014287067,0.01505746,0.011854365,0.04497913,,,,,,,
16,1000,0.1782545,0.4623728,0.4109452,0.9196622,0.2521049,1.3895296,0.007381921,0.019200589,0.013502099,0.019149487,0.016705632,0.034273663,8.7562545,11.6503728,9.6759452,9.1856622,10.2371049,11.2175296,0.007381921,0.019200589,0.013502099,0.019149487,0.016705632,0.034273663,0.000843046,0.001648066,0.001395429,0.002084715,0.001631871,0.003055366,0.001776416
16,1500,0.1754335,0.447615,0.4289442,0.9048852,0.2440778,1.3796638,0.010420463,0.01249114,0.022241382,0.022734036,0.008643792,0.051355403,8.7534333,11.635615,9.6939442,9.1708852,10.2290778,11.2076638,0.010420552,0.01249114,0.022241382,0.022734036,0.008643792,0.051355403,,,,,,,
17,500,0.0925667,0.0862019,0.0634297,0.095989,0.03876,0.0623649,0.00623146,0.004176913,0.005950155,0.009277019,0.003155598,0.003383408,9.8425667,9.3202019,9.1254297,9.159989,8.99176,9.4833649,0.00623146,0.004176913,0.005950155,0.009277019,0.003155598,0.003383408,,,,,,,
17,1000,0.0915821,0.0911202,0.06584,0.0900523,0.0348128,0.0557298,0.006766929,0.01142766,0.003038403,0.00304734,0.002080593,0.002802441,9.8415821,9.3251202,9.12784,9.1540523,8.9878128,9.4767298,0.006766929,0.01142766,0.003038403,0.00304734,0.002080593,0.002802441,0.000687585,0.001225471,0.000332872,0.000332895,0.000231491,0.000295718,0.000517672
17,1500,0.0969023,0.0939961,0.0596272,0.085707,0.0386665,0.0611238,0.00960409,0.005526531,0.002787963,0.004714321,0.003149546,0.002115911,9.8469023,9.3279961,9.121627,9.149707,8.9916665,9.4821238,0.00960409,0.005526531,0.00278761,0.004714321,0.003149546,0.002115911,,,,,,,
18,500,0.2854044,0.3434355,0.3765668,0.443419,0.3643834,0.5067114,0.014879182,0.016715541,0.013363035,0.025395623,0.020110661,0.012209117,9.0044044,9.0304354,9.4705668,13.224419,10.9103834,10.2567114,0.014879182,0.016715618,0.013363035,0.025395623,0.020110661,0.012209117,,,,,,,
18,1000,0.2877363,0.3366251,0.3839217,0.4626205,0.3430311,0.4998195,0.014523104,0.018405037,0.010799317,0.032182174,0.020247207,0.023484954,9.0067362,9.0236251,9.4779217,13.2436205,10.889031,10.2498195,0.01452303,0.018405037,0.010799317,0.032182174,0.020247228,0.023484954,0.001612463,0.00203965,0.001139418,0.002430013,0.001859415,0.002291255,0.001895369
18,1500,0.2803464,0.3261233,0.3799363,0.4421833,0.3581277,0.5120477,0.013368582,0.015536627,0.009921768,0.015335436,0.026901634,0.023730601,8.9993464,9.0131233,9.4739363,13.2231833,10.9041277,10.2620477,0.013368582,0.015536627,0.009921768,0.015335436,0.026901634,0.023730601,,,,,,,
19,500,0.2689954,0.7604811,0.3097758,0.6518948,0.3220477,0.8343039,0.008539593,0.045869983,0.013399117,0.031722569,0.014279812,0.036688657,8.7219954,9.7134809,9.2937758,10.4018948,11.4160476,11.7243039,0.008539593,0.045869934,0.013399117,0.031722569,0.014279957,0.036688657,,,,,,,
19,1000,0.2706188,0.8081283,0.3007663,0.6509024,0.3439478,0.8505823,0.015936423,0.029082836,0.017702095,0.032147806,0.019283023,0.041028997,8.7236188,9.7611283,9.2847663,10.4009024,11.4379478,11.7405823,0.015936423,0.029082836,0.017702095,0.032147806,0.019283023,0.041028997,0.001826813,0.002979454,0.001906574,0.003090867,0.001685881,0.003494631,0.00249737
19,1500,0.3052006,0.7858464,0.3029642,0.6404892,0.3348367,0.8362819,0.028563702,0.037558015,0.013496863,0.033478673,0.013622776,0.025540482,8.7582005,9.7388463,9.2869642,10.3904892,11.4288367,11.7262819,0.02856361,0.037557944,0.013496863,0.033478673,0.013622776,0.025540482,,,,,,,
20,500,0.0159,0.0303919,0.0205894,0.0299773,0.0190631,0.0362952,0.001142347,0.001785823,0.001533699,0.002123006,0.001220857,0.001764058,8.7029,8.8743918,10.7555894,10.3259772,9.9100631,9.8482952,0.001142347,0.001785895,0.001533699,0.002123004,0.001220857,0.001764058,,,,,,,
20,1000,0.0157715,0.0292036,0.0212342,0.030088,0.0197376,0.0366897,0.001133972,0.000900872,0.001279692,0.001578167,0.00087452,0.002239243,8.7027715,8.8732036,10.7562341,10.326088,9.9107376,9.8486897,0.001133972,0.000900872,0.001279776,0.001578167,0.00087452,0.002239243,0.0001303,0.000101527,0.00011898,0.000152833,8.82396E-05,0.000227365,0.000136541
20,1500,0.0155807,0.0301985,0.0207913,0.0310831,0.0190878,0.0364607,0.000762818,0.002125886,0.001083886,0.00207537,0.000731873,0.002032687,8.7025806,8.8741985,10.7557913,10.3270831,9.9100878,9.8484607,0.000762628,0.002125886,0.001083886,0.00207537,0.000731873,0.002032687,,,,,,,
21,500,1.1834429,1.364519,0.7065519,1.2383564,0.7448948,1.3806871,0.040270359,0.04351642,0.03798515,0.038987393,0.028119295,0.034495939,11.6844428,12.146519,10.0505519,10.0513564,11.4788948,11.2246871,0.040270415,0.04351642,0.03798515,0.038987393,0.028119295,0.034495939,,,,,,,
21,1000,1.1938568,1.3966241,0.6875508,1.3126988,0.7546281,1.4649828,0.037332766,0.034540865,0.02466812,0.04341282,0.037646438,0.041083341,11.6948568,12.1786241,10.0315508,10.1256988,11.4886281,11.3089827,0.037332766,0.034540865,0.02466812,0.04341282,0.037646438,0.041083234,0.003192238,0.002836188,0.002459053,0.00428739,0.003276844,0.003632797,0.003280752
21,1500,1.2128898,1.4273427,0.6890946,1.3226757,0.7411054,1.4866939,0.042861045,0.030429892,0.038613414,0.04988893,0.021374714,0.037693406,11.7138898,12.2093427,10.0330946,10.1356757,11.4751054,11.3306938,0.042861045,0.030429892,0.038613414,0.04988893,0.021374714,0.037693369,,,,,,,
22,500,0.097617,0.2124384,0.1060938,0.1220371,0.0391523,0.0691396,0.004766742,0.005785884,0.005435721,0.005544458,0.003835658,0.004854352,8.362617,8.7284384,8.8090938,7.9820371,11.0231523,8.6941396,0.004766742,0.005785884,0.005435721,0.005544458,0.003835658,0.004854352,,,,,,,
22,1000,0.0961207,0.2191336,0.1070382,0.1285211,0.0397032,0.0622474,0.005682127,0.015750734,0.00503511,0.002352132,0.001357775,0.002514779,8.3611207,8.7351336,8.8100382,7.9885211,11.0237032,8.6872474,0.005682127,0.015750734,0.00503511,0.002352132,0.001357775,0.002514779,0.000679589,0.001803147,0.00057152,0.000294439,0.000123169,0.000289479,0.000626891
22,1500,0.0955363,0.212781,0.1050524,0.1213671,0.0425839,0.0702335,0.007466513,0.011474773,0.012092688,0.005530301,0.00393365,0.013122694,8.3605363,8.728781,8.8080523,7.9813671,11.0265839,8.6952335,0.007466513,0.011474773,0.01209243,0.005530301,0.00393365,0.013122694,,,,,,,
23,500,0.1172001,0.1136279,0.0493468,0.1151096,0.0437784,0.1064121,0.006334785,0.006186138,0.003055461,0.007508384,0.002390365,0.006274892,10.7272001,10.3476279,8.6143467,10.3651096,11.9187784,8.8414121,0.006334785,0.006186138,0.003055525,0.007508384,0.002390365,0.006274892,,,,,,,
23,1000,0.1169238,0.1147623,0.0566583,0.1233646,0.0398793,0.1099949,0.008997634,0.007849021,0.013910986,0.005573942,0.001607345,0.010060935,10.7269238,10.3487623,8.6216582,10.3733646,11.9148793,8.8449949,0.008997634,0.007849021,0.01391105,0.005573942,0.001607345,0.010060935,0.00083879,0.00075845,0.001613501,0.000537332,0.000134902,0.001137472,0.000836741
23,1500,0.1067147,0.1120707,0.0468289,0.1159394,0.0425294,0.108359,0.004518308,0.006821641,0.002693828,0.007747356,0.00169233,0.002904199,10.7167146,10.3460707,8.6118289,10.3659394,11.9175294,8.843359,0.0045184,0.006821641,0.002693828,0.007747356,0.00169233,0.002904199,,,,,,,
24,500,5.7779306,17.2621767,4.2529807,19.3786575,3.5701689,10.9098769,0.076019217,0.31953273,0.078391159,0.650439629,0.08395519,0.199736729,15.5429306,29.3721767,15.0189806,29.9096575,13.0071689,23.6598769,0.076019217,0.31953273,0.078391106,0.650439629,0.08395519,0.199736729,,,,,,,
24,1000,6.3169003,20.4582812,4.3728656,21.8955866,3.717783,12.4982028,0.147153536,0.264456659,0.117396958,0.591013224,0.062938968,0.292725465,16.0819003,32.5682812,15.1388656,32.4265866,13.154783,25.2482028,0.147153536,0.264456659,0.117396958,0.591013224,0.062938968,0.292725465,0.009150258,0.008120068,0.007754673,0.018226193,0.004784493,0.011593913,0.009938266
24,1500,6.5266503,22.7915144,4.5123666,23.528306,3.7095006,13.5970263,0.108806169,0.411064085,0.08637288,0.397197031,0.041891055,0.165531912,16.2916503,34.9015144,15.2783665,34.059306,13.1465005,26.3470263,0.108806169,0.411064085,0.086372804,0.397197031,0.041891075,0.165531912,,,,,,,
25,500,0.030872,0.0335576,0.1215861,0.146229,0.029277,0.0553056,0.002058069,0.004627179,0.00671524,0.009201485,0.001385409,0.004287526,8.970872,8.2685576,12.340586,9.317229,9.326277,8.2113056,0.002058069,0.004627179,0.00671536,0.009201485,0.001385409,0.004287526,,,,,,,
25,1000,0.030749,0.0314278,0.1208489,0.1492164,0.0278775,0.0518411,0.001587799,0.001761443,0.009690986,0.010748151,0.001236292,0.001651964,8.970749,8.2664277,12.3398489,9.3202164,9.3248775,8.2078411,0.001587799,0.001761353,0.009690986,0.010748151,0.001236292,0.001651964,0.000176997,0.000213073,0.000785341,0.001153208,0.00013258,0.000201267,0.000443744
25,1500,0.0294863,0.0331952,0.1194205,0.1371819,0.026386,0.0558989,0.001162054,0.002411151,0.010124969,0.00654393,0.001327407,0.003578401,8.9694862,8.2681952,12.3384204,9.3081819,9.323386,8.2118989,0.001162018,0.002411151,0.010124958,0.00654393,0.001327407,0.003578401,,,,,,,
26,500,0.7069992,1.6622364,0.8159375,2.1763809,0.6659989,1.7662384,0.033172087,0.07064894,0.03744931,0.043715986,0.021876538,0.044965947,11.1759992,11.6462364,13.4879375,12.9733809,10.4319989,10.0002384,0.033172087,0.07064894,0.03744931,0.043715986,0.021876538,0.044965947,,,,,,,
26,1000,0.7034098,1.6595951,0.800337,2.17566,0.6617617,1.7471285,0.033980462,0.036506906,0.043113805,0.068326898,0.03522962,0.032939091,11.1724097,11.6435951,13.472337,12.97266,10.4277617,9.9811285,0.033980592,0.036506906,0.043113805,0.068326898,0.03522962,0.032939091,0.003041474,0.003135364,0.003200173,0.005266992,0.003378445,0.003300137,0.003553764
26,1500,0.705479,1.6621401,0.7871986,2.1552716,0.6522035,1.7728658,0.038219202,0.048025842,0.021622766,0.054352345,0.027944534,0.041564786,11.174479,11.64614,13.4591986,12.9522716,10.4182035,10.0068658,0.038219202,0.0480257,0.021622766,0.054352345,0.027944534,0.041564786,,,,,,,
27,500,4.5111354,8.3340958,0.9479358,5.0977017,0.8527738,3.3446619,0.101079637,0.094970324,0.037897445,0.127790551,0.036706842,0.075224845,14.6821352,20.2870958,11.5879358,14.5977017,12.0407738,14.4376619,0.101079607,0.094970324,0.037897445,0.127790551,0.036706842,0.075224845,,,,,,,
27,1000,5.1407512,9.6250196,0.9337026,5.9195873,0.8464194,3.5736933,0.0855991,0.223368522,0.026994467,0.38553446,0.042240622,0.09167653,15.3117512,21.5780196,11.5737026,15.4195873,12.0344194,14.6666933,0.0855991,0.223368522,0.026994467,0.38553446,0.042240622,0.09167653,0.005590419,0.010351669,0.002332397,0.025002904,0.003509984,0.006250661,0.008839672
27,1500,5.6084636,10.2216059,0.916132,6.0811358,0.8378378,3.7513028,0.124090863,0.153108099,0.044968021,0.122420465,0.025714481,0.094908191,15.7794636,22.1746058,11.556132,15.5811357,12.0258378,14.8443028,0.124090863,0.153107999,0.044968021,0.122420593,0.025714481,0.094908191,,,,,,,
28,500,0.0693831,0.3191804,0.0931732,0.3950252,0.0456254,0.3523643,0.003630823,0.015266398,0.003694256,0.016196399,0.003074181,0.015317199,9.3033831,10.1311804,9.9991732,11.3640252,8.8416254,10.1343643,0.003630823,0.015266398,0.003694256,0.016196399,0.003074181,0.015317199,,,,,,,
28,1000,0.0690119,0.316345,0.0918781,0.4080431,0.0492318,0.3537917,0.003611912,0.017594055,0.006044046,0.018692121,0.00274632,0.017420055,9.3030119,10.128345,9.9978781,11.377043,8.8452318,10.1357917,0.003611912,0.017594055,0.006044046,0.018692239,0.00274632,0.017420055,0.000388252,0.001737111,0.000604533,0.001642979,0.000310486,0.001718667,0.001067005
28,1500,0.0660809,0.3107181,0.0962948,0.3929481,0.0476468,0.3401921,0.002220632,0.017716111,0.006436067,0.009472313,0.003783736,0.010342157,9.3000809,10.1227181,10.0022948,11.361948,8.8436468,10.1221921,0.002220632,0.017716111,0.006436067,0.009472142,0.003783736,0.010342157,,,,,,,
29,500,0.2323113,0.4506402,0.2745049,0.5492217,0.2116159,0.4411457,0.00874175,0.027082777,0.012178642,0.024143759,0.01325693,0.022115008,10.0133113,9.8566402,9.4925049,9.6902217,11.6496159,8.7541457,0.00874175,0.027082777,0.012178642,0.024143759,0.01325693,0.022115008,,,,,,,
29,1000,0.2242737,0.455349,0.2706912,0.5580207,0.2027075,0.4392525,0.008682426,0.015884422,0.01276275,0.014759391,0.010363185,0.015518785,10.0052737,9.861349,9.4886912,9.6990207,11.6407075,8.7522525,0.008682426,0.015884422,0.01276275,0.014759391,0.010363185,0.015518785,0.000867785,0.001610776,0.001345049,0.00152174,0.000890254,0.001773119,0.001334787
29,1500,0.2244096,0.4562884,0.2658609,0.5587416,0.2002086,0.4280003,0.00857218,0.015639132,0.014035582,0.019278113,0.008348376,0.018600436,10.0054096,9.8622884,9.4838609,9.6997416,11.6382086,8.7410003,0.00857218,0.015639132,0.014035582,0.019278113,0.008348376,0.018600436,,,,,,,
30,500,0.0113969,0.0123965,0.0246487,0.0257085,0.0025519,0.0092187,0.000390847,0.000883883,0.00185991,0.001911139,0.000290692,0.000691356,9.8243969,12.9033965,8.8056487,8.5887085,11.1895519,11.7902187,0.000390847,0.000883883,0.00185991,0.001911139,0.000290692,0.000691356,,,,,,,
30,1000,0.0103177,0.0118278,0.0245006,0.0257995,0.002669,0.0092668,0.00083493,0.000741099,0.001163315,0.001638272,0.00037927,0.000528569,9.8233177,12.9028278,8.8055006,8.5887995,11.1896689,11.7902668,0.00083493,0.000741099,0.001163315,0.001638272,0.000378987,0.000528569,8.49947E-05,5.74369E-05,0.000132112,0.000190745,3.38694E-05,4.4831E-05,9.06649E-05
30,1500,0.0110478,0.0115624,0.023768,0.025888,0.002396,0.0103978,0.001386665,0.001191787,0.000887062,0.001588051,0.0002441,0.001021675,9.8240478,12.9025624,8.804768,8.588888,11.189396,11.7913978,0.001386665,0.001191787,0.000887062,0.001588051,0.0002441,0.001021675,,,,,,,
,,,,,,,,,,,,,,,,,,,,,,,,,,0.002292541,0.002710703,0.001436231,0.003500799,0.00139953,0.002623122,